{
    "accuracy": 0.7454212454212454,
    "precision": 0.7719056636254088,
    "recall": 0.8783545543584721,
    "f1": 0.8216969030602895
}